{
  "name": "d3-tip",
  "version": "0.6.7",
  "main": "index.js",
  "ignore": [
    "**/.*",
    "node_modules",
    "components",
    "bower_components",
    "examples",
    "Makefile",
    "docs"
  ],
  "dependencies": {
    "d3": "3.5.5"
  },
  "homepage": "https://github.com/Caged/d3-tip",
  "_release": "0.6.7",
  "_resolution": {
    "type": "version",
    "tag": "v0.6.7",
    "commit": "07cf158c54cf1686b3000d784ef55d27b095cc0e"
  },
  "_source": "https://github.com/Caged/d3-tip.git",
  "_target": "~0.6.7",
  "_originalSource": "d3-tip"
}